<?xml version="1.0" encoding="UTF-8" standalone="yes"?>
<ns2:ExportManifest xmlns:ns2="http://www.pentaho.com/schema/">
    <ExportManifestInformation exportDate="17-05-2021 08:14:02 BRT" exportBy="admin" rootFolder="/public/" manifestVersion="2"/>
    <ExportManifestEntity path="live.cda">
        <ExportManifestProperty>
            <EntityMetaData name="live.cda" createdDate="2021-05-14T19:37:32.025-03:00" isFolder="false" path="live.cda" isHidden="false" isSchedulable="true" locale="pt_BR" title="live.cda"/>
        </ExportManifestProperty>
        <ExportManifestProperty>
            <EntityExtraMetaData/>
        </ExportManifestProperty>
        <ExportManifestProperty>
            <EntityAcl>
                <entriesInheriting>true</entriesInheriting>
                <owner>admin</owner>
                <ownerType>USER</ownerType>
            </EntityAcl>
        </ExportManifestProperty>
    </ExportManifestEntity>
</ns2:ExportManifest>
